1,Pooh,Ivanusyev,pivanusyev0@admin.ch,Marketing,https://robohash.org/velestvoluptatem.png?size=100x100&set=set1
2,Parke,Trump,ptrump1@examiner.com,Training,https://robohash.org/sitsitnulla.png?size=100x100&set=set1
3,Alvina,Gyppes,agyppes2@cyberchimps.com,Sales,https://robohash.org/rationequoarchitecto.png?size=100x100&set=set1
4,Ellissa,Vasyutin,evasyutin3@tamu.edu,Product Management,https://robohash.org/blanditiisfugiatipsam.png?size=100x100&set=set1
5,Cordelia,Davy,cdavy4@chicagotribune.com,Services,https://robohash.org/aliquidsuntinventore.png?size=100x100&set=set1
6,Aristotle,Glide,aglide5@furl.net,Accounting,https://robohash.org/illoinciduntatque.png?size=100x100&set=set1
7,Elisabetta,Arran,earran6@rambler.ru,Human Resources,https://robohash.org/odioquinemo.png?size=100x100&set=set1
8,Lesley,Buncom,lbuncom7@xing.com,Research and Development,https://robohash.org/utautmolestiae.png?size=100x100&set=set1
9,Tedd,Caselick,tcaselick8@amazon.com,Services,https://robohash.org/debitisetcorporis.png?size=100x100&set=set1
10,Orella,Coggles,ocoggles9@time.com,Support,https://robohash.org/utminimafugit.png?size=100x100&set=set1
11,Zabrina,Mallion,zmalliona@paypal.com,Support,https://robohash.org/estautmagnam.png?size=100x100&set=set1
12,Kate,Darree,kdarreeb@yellowpages.com,Legal,https://robohash.org/voluptatessolutaipsa.png?size=100x100&set=set1
13,Ringo,Danilovich,rdanilovichc@forbes.com,Marketing,https://robohash.org/quiullamblanditiis.png?size=100x100&set=set1
14,Ina,McSporrin,imcsporrind@pagesperso-orange.fr,Support,https://robohash.org/autaenim.png?size=100x100&set=set1
15,Ellsworth,Gulleford,egulleforde@zimbio.com,Marketing,https://robohash.org/corruptiquidemconsectetur.png?size=100x100&set=set1
16,Say,Rivel,srivelf@google.com.hk,Marketing,https://robohash.org/voluptasullamdebitis.png?size=100x100&set=set1
17,Samuel,Nowland,snowlandg@ask.com,Marketing,https://robohash.org/consequatursitmollitia.png?size=100x100&set=set1
18,Katya,Martignon,kmartignonh@dmoz.org,Product Management,https://robohash.org/architectonesciuntmagni.png?size=100x100&set=set1
19,Leshia,Lenormand,llenormandi@wiley.com,Services,https://robohash.org/velsedmolestiae.png?size=100x100&set=set1
20,Ursuline,Welsh,uwelshj@mapquest.com,Services,https://robohash.org/perspiciatissuntdolorum.png?size=100x100&set=set1
21,Olympia,Chaucer,ochaucerk@cafepress.com,Human Resources,https://robohash.org/doloreducimusin.png?size=100x100&set=set1
22,Kerri,Billingsley,kbillingsleyl@free.fr,Accounting,https://robohash.org/quiipsalaboriosam.png?size=100x100&set=set1
23,Brand,Yaldren,byaldrenm@census.gov,Sales,https://robohash.org/repudiandaeetnostrum.png?size=100x100&set=set1
24,Munroe,Bletcher,mbletchern@unesco.org,Services,https://robohash.org/nonsitest.png?size=100x100&set=set1
25,Moina,Betjes,mbetjeso@yellowpages.com,Engineering,https://robohash.org/accusamusveniameligendi.png?size=100x100&set=set1
26,Riva,Yukhnevich,ryukhnevichp@moonfruit.com,Engineering,https://robohash.org/possimusvoluptatemodit.png?size=100x100&set=set1
27,Alard,McAteer,amcateerq@usgs.gov,Services,https://robohash.org/quoquianon.png?size=100x100&set=set1
28,Sadella,Maddin,smaddinr@wired.com,Human Resources,https://robohash.org/quodenimnisi.png?size=100x100&set=set1
29,Steven,Brusle,sbrusles@senate.gov,Services,https://robohash.org/sintveritatisminus.png?size=100x100&set=set1
30,Arv,Leishman,aleishmant@yellowbook.com,Support,https://robohash.org/accusamusvoluptasillo.png?size=100x100&set=set1
31,Reinaldo,Plaschke,rplaschkeu@4shared.com,Training,https://robohash.org/eligendinonquia.png?size=100x100&set=set1
32,Iorgos,Stilly,istillyv@sbwire.com,Legal,https://robohash.org/atquealiasdoloremque.png?size=100x100&set=set1
33,Terrell,Ricciardiello,tricciardiellow@bbc.co.uk,Engineering,https://robohash.org/illumofficianam.png?size=100x100&set=set1
34,Sybille,Casillis,scasillisx@oaic.gov.au,Engineering,https://robohash.org/sitetlabore.png?size=100x100&set=set1
35,Jobye,Goodding,jgooddingy@dropbox.com,Product Management,https://robohash.org/nullavelitconsequatur.png?size=100x100&set=set1
36,Cleve,Winfield,cwinfieldz@ted.com,Product Management,https://robohash.org/maximeutimpedit.png?size=100x100&set=set1
37,Ernst,Dotson,edotson10@alibaba.com,Research and Development,https://robohash.org/eosetmolestiae.png?size=100x100&set=set1
38,Denny,Van Salzberger,dvansalzberger11@php.net,Support,https://robohash.org/verocumqueest.png?size=100x100&set=set1
39,Benn,Petru,bpetru12@merriam-webster.com,Legal,https://robohash.org/iureaveritatis.png?size=100x100&set=set1
40,Helen,Dreigher,hdreigher13@businessweek.com,Training,https://robohash.org/quidemmolestiaelaborum.png?size=100x100&set=set1
41,Cosimo,Aubrey,caubrey14@businesswire.com,Engineering,https://robohash.org/etperferendisquis.png?size=100x100&set=set1
42,Barry,Arran,barran15@unblog.fr,Legal,https://robohash.org/temporibuseaid.png?size=100x100&set=set1
43,Sabra,Hatchette,shatchette16@cbsnews.com,Services,https://robohash.org/quisitomnis.png?size=100x100&set=set1
44,Vinnie,Sabathe,vsabathe17@prnewswire.com,Training,https://robohash.org/errordoloremquetempora.png?size=100x100&set=set1
45,Townsend,Granleese,tgranleese18@wufoo.com,Accounting,https://robohash.org/sintevenietvel.png?size=100x100&set=set1
46,Aila,Islip,aislip19@abc.net.au,Sales,https://robohash.org/solutaidsunt.png?size=100x100&set=set1
47,Dierdre,Ferryn,dferryn1a@mashable.com,Training,https://robohash.org/magnamassumendaautem.png?size=100x100&set=set1
48,Sharyl,Blackmoor,sblackmoor1b@joomla.org,Business Development,https://robohash.org/eumquisporro.png?size=100x100&set=set1
49,Lisetta,Meriel,lmeriel1c@soundcloud.com,Research and Development,https://robohash.org/sapienteipsaconsequatur.png?size=100x100&set=set1
50,Shelby,Eble,seble1d@slashdot.org,Sales,https://robohash.org/utsuntqui.png?size=100x100&set=set1
51,Shela,Nisen,snisen1e@github.io,Services,https://robohash.org/suscipitquamquo.png?size=100x100&set=set1
52,Cristi,Nelius,cnelius1f@cnet.com,Business Development,https://robohash.org/consecteturquiexpedita.png?size=100x100&set=set1
53,Leticia,Davidowich,ldavidowich1g@walmart.com,Training,https://robohash.org/accusamusautemlaborum.png?size=100x100&set=set1
54,Joete,Ionnidis,jionnidis1h@cnbc.com,Engineering,https://robohash.org/quidemsuntmaiores.png?size=100x100&set=set1
55,Georgeta,Gayle,ggayle1i@issuu.com,Research and Development,https://robohash.org/enimestaut.png?size=100x100&set=set1
56,Nicolais,Percy,npercy1j@fotki.com,Product Management,https://robohash.org/omnisetdistinctio.png?size=100x100&set=set1
57,Joellyn,Loughton,jloughton1k@digg.com,Accounting,https://robohash.org/nihilvoluptatumab.png?size=100x100&set=set1
58,Davie,Bretton,dbretton1l@omniture.com,Business Development,https://robohash.org/nequeabquidem.png?size=100x100&set=set1
59,Saree,D'Abbot-Doyle,sdabbotdoyle1m@arstechnica.com,Sales,https://robohash.org/autaliasquo.png?size=100x100&set=set1
60,Hobie,Gloves,hgloves1n@sun.com,Research and Development,https://robohash.org/etveniameum.png?size=100x100&set=set1
61,Vanessa,Weerdenburg,vweerdenburg1o@arstechnica.com,Support,https://robohash.org/itaqueenimtemporibus.png?size=100x100&set=set1
62,Grove,Ledwitch,gledwitch1p@twitter.com,Accounting,https://robohash.org/veniamautautem.png?size=100x100&set=set1
63,Gary,Poe,gpoe1q@cafepress.com,Product Management,https://robohash.org/quiofficiaunde.png?size=100x100&set=set1
64,Yolane,Dussy,ydussy1r@home.pl,Engineering,https://robohash.org/officiisnullavel.png?size=100x100&set=set1
65,Mirna,McEntegart,mmcentegart1s@spiegel.de,Services,https://robohash.org/estaliquidmagnam.png?size=100x100&set=set1
66,Sarene,Pickless,spickless1t@merriam-webster.com,Research and Development,https://robohash.org/voluptassuscipitut.png?size=100x100&set=set1
67,Ashley,Matyugin,amatyugin1u@phpbb.com,Accounting,https://robohash.org/quisrepudiandaenisi.png?size=100x100&set=set1
68,Ursa,Mintoft,umintoft1v@joomla.org,Engineering,https://robohash.org/utitaqueenim.png?size=100x100&set=set1
69,Valera,Rockcliff,vrockcliff1w@umn.edu,Marketing,https://robohash.org/isteetautem.png?size=100x100&set=set1
70,Brad,Bohea,bbohea1x@liveinternet.ru,Product Management,https://robohash.org/inquiomnis.png?size=100x100&set=set1
71,Star,Mathissen,smathissen1y@soup.io,Sales,https://robohash.org/aspernaturveroea.png?size=100x100&set=set1
72,Heather,Youd,hyoud1z@berkeley.edu,Accounting,https://robohash.org/optiodelenitisoluta.png?size=100x100&set=set1
73,Meredith,Craythorne,mcraythorne20@paginegialle.it,Training,https://robohash.org/rerumvoluptasminima.png?size=100x100&set=set1
74,Austin,Kenion,akenion21@360.cn,Services,https://robohash.org/corruptivoluptatemrepudiandae.png?size=100x100&set=set1
75,Cosette,Bradneck,cbradneck22@psu.edu,Marketing,https://robohash.org/corporisearumdolor.png?size=100x100&set=set1
76,Terra,Trimble,ttrimble23@miitbeian.gov.cn,Product Management,https://robohash.org/distinctiofugiataliquid.png?size=100x100&set=set1
77,Roseanna,Caras,rcaras24@ow.ly,Support,https://robohash.org/idveritatisvel.png?size=100x100&set=set1
78,Johna,Michelle,jmichelle25@soup.io,Product Management,https://robohash.org/nihilrepellatprovident.png?size=100x100&set=set1
79,Harland,Lindholm,hlindholm26@ft.com,Legal,https://robohash.org/aliquamiustooccaecati.png?size=100x100&set=set1
80,Allayne,Concannon,aconcannon27@xinhuanet.com,Services,https://robohash.org/iustoetlibero.png?size=100x100&set=set1
81,Lenna,Doerr,ldoerr28@marketwatch.com,Support,https://robohash.org/eumomnisdolor.png?size=100x100&set=set1
82,Edan,Jenckes,ejenckes29@skype.com,Marketing,https://robohash.org/abquosea.png?size=100x100&set=set1
83,Luciano,Paffett,lpaffett2a@toplist.cz,Product Management,https://robohash.org/estadipisciquos.png?size=100x100&set=set1
84,Hazlett,Gatteridge,hgatteridge2b@geocities.com,Marketing,https://robohash.org/idplaceatnumquam.png?size=100x100&set=set1
85,Merrili,Lauga,mlauga2c@cocolog-nifty.com,Business Development,https://robohash.org/autemestet.png?size=100x100&set=set1
86,Kris,Beeho,kbeeho2d@github.com,Sales,https://robohash.org/etvoluptatumillo.png?size=100x100&set=set1
87,Carolyne,Petrescu,cpetrescu2e@nps.gov,Services,https://robohash.org/temporibusnatuset.png?size=100x100&set=set1
88,Edith,Berget,eberget2f@163.com,Product Management,https://robohash.org/autemquiavoluptas.png?size=100x100&set=set1
89,Agna,Maughan,amaughan2g@youtu.be,Research and Development,https://robohash.org/namlaboremaiores.png?size=100x100&set=set1
90,Denise,Darrigrand,ddarrigrand2h@youku.com,Sales,https://robohash.org/ullamatmagni.png?size=100x100&set=set1
91,Carly,Buttler,cbuttler2i@aol.com,Research and Development,https://robohash.org/doloremetsed.png?size=100x100&set=set1
92,Free,McIver,fmciver2j@berkeley.edu,Support,https://robohash.org/velofficiismaiores.png?size=100x100&set=set1
93,Osbourn,Petroulis,opetroulis2k@engadget.com,Services,https://robohash.org/impeditetvoluptatibus.png?size=100x100&set=set1
94,Blaire,Thain,bthain2l@yellowpages.com,Engineering,https://robohash.org/facilisconsequaturnumquam.png?size=100x100&set=set1
95,Raymund,Boxhall,rboxhall2m@meetup.com,Legal,https://robohash.org/officiissuntconsequatur.png?size=100x100&set=set1
96,Tod,Esslemont,tesslemont2n@umn.edu,Research and Development,https://robohash.org/facilisvelitquo.png?size=100x100&set=set1
97,Florie,Oppery,foppery2o@zdnet.com,Engineering,https://robohash.org/itaquesitut.png?size=100x100&set=set1
98,Patrice,Worrell,pworrell2p@forbes.com,Product Management,https://robohash.org/nisiautitaque.png?size=100x100&set=set1
99,Mikaela,Orth,morth2q@psu.edu,Sales,https://robohash.org/aetsequi.png?size=100x100&set=set1
100,Joane,Denney,jdenney2r@hibu.com,Legal,https://robohash.org/dolorescumqueet.png?size=100x100&set=set1
